,City,Country,Lat,Lng,Max Temp (F),Cloudiness (%),Humidity (%),Wind Speed (mph),Data Retrieved Time
0,Liwale,TZ,-9.8,37.92,71.84,1,55,4,02:32:49 Jul/31/2019 (Wed)
1,Mataura,NZ,-46.19,168.86,44.01,93,78,11.01,02:29:11 Jul/31/2019 (Wed)
2,Peniche,PT,39.36,-9.38,62.6,0,72,16.11,02:30:14 Jul/31/2019 (Wed)
3,Nouadhibou,MR,20.93,-17.03,68,0,82,17.22,02:32:49 Jul/31/2019 (Wed)
4,Port Alfred,ZA,-33.59,26.89,59,0,73,5.01,02:29:13 Jul/31/2019 (Wed)
5,Horadiz,AZ,39.45,47.33,82.4,75,78,2.24,02:32:50 Jul/31/2019 (Wed)
6,Saint-Philippe,CA,45.36,-73.48,75.2,90,88,8.05,02:29:25 Jul/31/2019 (Wed)
7,Puerto Narino,CO,-3.77,-70.38,75.2,0,100,0.76,02:29:52 Jul/31/2019 (Wed)
8,Bethel,US,60.79,-161.76,60.8,20,59,9.17,02:29:43 Jul/31/2019 (Wed)
9,Oum Hadjer,TD,13.3,19.7,83,90,62,8.59,02:32:50 Jul/31/2019 (Wed)
10,Conakry,GN,9.52,-13.7,75.2,75,100,11.18,02:32:37 Jul/31/2019 (Wed)
11,Oriximina,BR,-1.77,-55.87,80.3,83,65,2.71,02:32:50 Jul/31/2019 (Wed)
12,Nioro,GM,13.79,-15.05,78.5,80,83,8.1,02:30:24 Jul/31/2019 (Wed)
13,Sirjan,IR,29.44,55.67,92.9,0,16,3.18,02:32:50 Jul/31/2019 (Wed)
14,Meadow Lake,CA,54.13,-108.44,56.18,84,97,7.11,02:32:51 Jul/31/2019 (Wed)
15,Ostersund,SE,63.18,14.64,48.2,0,81,3.36,02:28:58 Jul/31/2019 (Wed)
16,Sao Filipe,CV,14.9,-24.5,75.62,90,91,16.11,02:29:30 Jul/31/2019 (Wed)
17,Coihaique,CL,-45.58,-72.07,39.2,0,86,3.36,02:29:55 Jul/31/2019 (Wed)
18,Punta Arenas,CL,-53.16,-70.91,39.2,90,93,16.11,02:29:19 Jul/31/2019 (Wed)
19,Puerto Ayora,EC,-0.74,-90.35,69.01,3,88,4,02:26:30 Jul/31/2019 (Wed)
20,Cape Town,ZA,-33.93,18.42,54,75,100,2.24,02:24:45 Jul/31/2019 (Wed)
21,Tuatapere,NZ,-46.13,167.69,44.01,100,78,10,02:30:14 Jul/31/2019 (Wed)
22,Busselton,AU,-33.64,115.35,71.01,0,42,3.91,02:29:14 Jul/31/2019 (Wed)
23,Salinopolis,BR,-0.61,-47.36,80.84,39,84,14.56,02:30:23 Jul/31/2019 (Wed)
24,Locri,IT,38.24,16.26,78.01,20,83,12.75,02:31:34 Jul/31/2019 (Wed)
25,Quelimane,MZ,-17.88,36.89,64.4,40,93,5.82,02:32:51 Jul/31/2019 (Wed)
26,Vilyuysk,RU,63.75,121.63,70.22,56,37,2.3,02:32:51 Jul/31/2019 (Wed)
27,Carnarvon,ZA,-30.97,22.13,38.72,34,81,4.68,02:29:17 Jul/31/2019 (Wed)
28,Ushuaia,AR,-54.81,-68.31,35.6,20,69,7.29,02:29:13 Jul/31/2019 (Wed)
29,Albany,US,42.65,-73.75,72,90,88,3.33,02:24:50 Jul/31/2019 (Wed)
30,Upernavik,GL,72.79,-56.15,46.28,95,76,5.55,02:29:27 Jul/31/2019 (Wed)
31,Souillac,FR,45.6,-0.6,60.01,0,93,1.12,02:29:28 Jul/31/2019 (Wed)
32,Hoyerswerda,DE,51.43,14.25,73,0,73,3.36,02:32:52 Jul/31/2019 (Wed)
33,Kruisfontein,ZA,-34,24.73,50.78,0,74,7.7,02:30:16 Jul/31/2019 (Wed)
34,Hamilton,CA,43.26,-79.87,71.6,75,82,4.7,02:24:46 Jul/31/2019 (Wed)
35,Seybaplaya,MX,19.65,-90.67,81.74,73,79,15.35,02:32:52 Jul/31/2019 (Wed)
36,Saskylakh,RU,71.97,114.09,54.2,78,57,13.22,02:29:19 Jul/31/2019 (Wed)
37,Barrow,AR,-38.31,-60.23,52.58,65,58,12.03,02:29:15 Jul/31/2019 (Wed)
38,Kieta,PG,-6.22,155.63,83.54,99,75,12.37,02:32:52 Jul/31/2019 (Wed)
39,Methoni,GR,36.82,21.7,82,20,61,15.43,02:32:52 Jul/31/2019 (Wed)
40,Guerrero Negro,MX,27.97,-114.04,66.08,0,89,8.63,02:29:31 Jul/31/2019 (Wed)
41,Butaritari,KI,3.07,172.79,85.34,51,70,7.81,02:29:35 Jul/31/2019 (Wed)
42,Mercedes,UY,-33.25,-58.03,50,49,94,1.99,02:30:25 Jul/31/2019 (Wed)
43,Kalmar,SE,56.66,16.36,59,45,82,5.82,02:32:53 Jul/31/2019 (Wed)
44,Agadez,NE,16.97,7.99,82.4,0,74,9.17,02:32:53 Jul/31/2019 (Wed)
45,Kirakira,SB,-10.46,161.92,78.86,100,87,21.18,02:32:53 Jul/31/2019 (Wed)
46,Waipawa,NZ,-39.94,176.59,41,0,88,8.01,02:32:53 Jul/31/2019 (Wed)
47,Aklavik,CA,68.22,-135.01,57.2,40,54,2.24,02:30:00 Jul/31/2019 (Wed)
48,Fairbanks,US,64.84,-147.72,66.2,75,59,3.36,02:25:32 Jul/31/2019 (Wed)
49,Urubicha,BO,-15.63,-63.08,67.52,0,66,1.61,02:32:53 Jul/31/2019 (Wed)
50,Hilo,US,19.71,-155.08,75.2,75,88,17.98,02:29:14 Jul/31/2019 (Wed)
51,Pevek,RU,69.7,170.27,30.62,100,97,13.15,02:29:44 Jul/31/2019 (Wed)
52,Loikaw,MM,19.67,97.21,72.02,99,81,5.39,02:32:54 Jul/31/2019 (Wed)
53,Adjumani,UG,3.38,31.79,68.42,93,94,2.01,02:32:54 Jul/31/2019 (Wed)
54,San,ML,13.3,-4.9,77.96,86,81,7,02:29:43 Jul/31/2019 (Wed)
55,Hobyo,SO,5.35,48.53,84.44,90,54,19.73,02:30:33 Jul/31/2019 (Wed)
56,Kaitangata,NZ,-46.28,169.85,45,99,69,11.01,02:29:42 Jul/31/2019 (Wed)
57,Novomykolayivka,UA,48.54,32.26,73.64,0,73,12.5,02:32:54 Jul/31/2019 (Wed)
58,Mahebourg,MU,-20.41,57.7,73.99,75,94,11.41,02:29:15 Jul/31/2019 (Wed)
59,Jamestown,AU,-33.21,138.6,54.38,0,52,8.23,02:29:27 Jul/31/2019 (Wed)
60,Arraial do Cabo,BR,-22.97,-42.02,69.86,9,74,5.21,02:29:20 Jul/31/2019 (Wed)
61,Anadyr,RU,64.73,177.51,59,0,51,15.66,02:32:54 Jul/31/2019 (Wed)
62,Hobart,AU,-42.88,147.33,54,20,54,5.82,02:26:44 Jul/31/2019 (Wed)
63,Mae Ramat,TH,16.98,98.52,84.2,75,74,11.41,02:32:55 Jul/31/2019 (Wed)
64,Airai,TL,-8.93,125.41,83.72,0,45,5.66,02:29:20 Jul/31/2019 (Wed)
65,Broome,GB,52.47,1.45,64,75,82,14.99,02:32:55 Jul/31/2019 (Wed)
66,Kutum,SD,14.2,24.66,80.12,74,46,3.53,02:32:55 Jul/31/2019 (Wed)
67,Iralaya,HN,15,-83.23,75.08,100,88,1.41,02:30:18 Jul/31/2019 (Wed)
68,San Cristobal,HN,14.68,-86.92,64.82,24,96,1.74,02:32:55 Jul/31/2019 (Wed)
69,Marawi,PH,8,124.29,84,100,74,5.01,02:29:37 Jul/31/2019 (Wed)
70,Lagoa,PT,37.14,-8.45,71.6,0,40,8.05,02:30:27 Jul/31/2019 (Wed)
71,Pervomayskiy,RU,53.24,40.29,56.9,100,66,12.03,02:32:56 Jul/31/2019 (Wed)
72,Baykalovo,RU,64.58,40.26,48.2,90,100,8.95,02:32:56 Jul/31/2019 (Wed)
73,Bourail,NC,-21.57,165.5,63.38,81,75,6.73,02:32:56 Jul/31/2019 (Wed)
74,Nizhnyaya Omka,RU,55.43,74.94,77.6,29,46,11.65,02:32:56 Jul/31/2019 (Wed)
75,Yellowknife,CA,62.45,-114.38,55.4,20,62,6.93,02:25:18 Jul/31/2019 (Wed)
76,Ponta Delgada,PT,37.73,-25.67,71.6,75,94,12.75,02:32:56 Jul/31/2019 (Wed)
77,Dikson,RU,73.51,80.55,46.1,99,69,11.72,02:29:33 Jul/31/2019 (Wed)
78,Bathsheba,BB,13.22,-59.52,82.4,40,78,19.46,02:32:56 Jul/31/2019 (Wed)
79,Dinguiraye,GN,11.29,-10.71,69.14,100,94,2.93,02:32:57 Jul/31/2019 (Wed)
80,Constitucion,MX,23.99,-104.67,66.99,54,64,1.01,02:29:11 Jul/31/2019 (Wed)
81,Rikitea,PF,-23.12,-134.97,69.14,88,74,20.54,02:28:59 Jul/31/2019 (Wed)
82,Kodiak,US,39.95,-94.76,71.6,1,73,6.93,02:29:22 Jul/31/2019 (Wed)
83,Mar del Plata,AR,-46.43,-67.52,41.42,46,69,17.98,02:29:16 Jul/31/2019 (Wed)
84,Chuy,UY,-33.69,-53.46,49.16,1,90,6.64,02:29:14 Jul/31/2019 (Wed)
85,Itauna,BR,-22.93,-42.48,71.6,75,83,4.7,02:32:57 Jul/31/2019 (Wed)
86,Jablah,SY,35.36,35.93,84.2,20,62,2.24,02:32:57 Jul/31/2019 (Wed)
87,Esperance,AU,-33.86,121.89,64.4,0,42,6.93,02:29:32 Jul/31/2019 (Wed)
88,Codrington,AU,-28.95,153.24,57.2,90,93,6.93,02:30:35 Jul/31/2019 (Wed)
89,Kapaa,US,22.08,-159.32,80.6,75,78,18.34,02:29:11 Jul/31/2019 (Wed)
90,Bluff,AU,-23.58,149.07,73.64,17,42,9.8,02:29:17 Jul/31/2019 (Wed)
91,Gloucester,GB,51.87,-2.25,62.01,90,87,17.22,02:31:13 Jul/31/2019 (Wed)
92,Bandarbeyla,SO,9.49,50.81,86.96,100,41,27.13,02:29:57 Jul/31/2019 (Wed)
93,Atuona,PF,-9.8,-139.03,79.94,12,77,13.94,02:29:41 Jul/31/2019 (Wed)
94,Cockburn Town,TC,21.46,-71.14,83.72,10,75,20.6,02:25:44 Jul/31/2019 (Wed)
95,Khatanga,RU,71.98,102.47,62.12,59,43,13.24,02:29:31 Jul/31/2019 (Wed)
96,Lubao,CD,-5.39,25.75,74,71,22,3.33,02:32:58 Jul/31/2019 (Wed)
97,Komatipoort,MZ,-25.43,31.96,66.2,0,42,1.12,02:32:58 Jul/31/2019 (Wed)
98,Karratha,AU,-20.74,116.85,87.32,0,17,17.52,02:32:58 Jul/31/2019 (Wed)
99,Hohoe,GH,7.15,0.48,72.92,100,90,2.57,02:32:58 Jul/31/2019 (Wed)
100,Geraldton,CA,49.72,-86.95,48.2,5,87,2.24,02:30:39 Jul/31/2019 (Wed)
101,Grindavik,IS,63.84,-22.43,64.4,0,87,10.29,02:32:58 Jul/31/2019 (Wed)
102,Palmer,AU,-34.85,139.16,55,75,58,9.17,02:32:58 Jul/31/2019 (Wed)
103,Plouzane,FR,48.38,-4.62,62.01,75,93,9.17,02:32:59 Jul/31/2019 (Wed)
104,Vaini,IN,15.34,74.49,78.8,75,88,11.41,02:29:33 Jul/31/2019 (Wed)
105,Touros,BR,-5.2,-35.46,78.14,19,79,20.56,02:29:56 Jul/31/2019 (Wed)
106,Port Hardy,CA,50.7,-127.42,55.4,90,93,5.97,02:32:59 Jul/31/2019 (Wed)
107,Georgetown,GY,6.8,-58.16,75.2,0,94,6.93,02:29:12 Jul/31/2019 (Wed)
108,Vostok,RU,46.45,135.83,83,93,58,6.15,02:30:13 Jul/31/2019 (Wed)
109,Namatanai,PG,-3.66,152.44,79.76,100,82,9.01,02:32:59 Jul/31/2019 (Wed)
110,Narsaq,GL,60.91,-46.05,51.8,16,71,3.36,02:29:28 Jul/31/2019 (Wed)
111,Alghero,IT,40.56,8.32,70,0,94,1.12,02:32:59 Jul/31/2019 (Wed)
112,Corinto,CO,3.17,-76.26,71.6,40,83,6.93,02:33:00 Jul/31/2019 (Wed)
113,Kargat,RU,55.19,80.28,67.88,33,59,11.05,02:33:00 Jul/31/2019 (Wed)
114,Meulaboh,ID,4.14,96.13,82.28,63,75,8.75,02:29:53 Jul/31/2019 (Wed)
115,Oranjestad,AW,12.52,-70.03,82.4,20,83,17.22,02:33:00 Jul/31/2019 (Wed)
116,Nueva Italia de Ruiz,MX,19.02,-102.1,71.48,73,86,1.07,02:33:00 Jul/31/2019 (Wed)
117,Bandipur,IN,11.67,76.63,75.8,100,60,6.76,02:33:00 Jul/31/2019 (Wed)
118,Tuktoyaktuk,CA,69.44,-133.03,48.2,20,70,5.82,02:29:15 Jul/31/2019 (Wed)
119,Belchatow,PL,51.37,19.36,66.99,0,82,5.82,02:33:00 Jul/31/2019 (Wed)
120,Mecca,SA,21.43,39.83,96.68,40,24,12.24,02:25:30 Jul/31/2019 (Wed)
121,Portland,US,43.66,-70.25,72,1,94,3.36,02:32:54 Jul/31/2019 (Wed)
122,Yeppoon,AU,-23.13,150.74,73.4,1,46,11.41,02:33:01 Jul/31/2019 (Wed)
123,Qaanaaq,GL,77.48,-69.36,44.66,100,60,4.52,02:29:15 Jul/31/2019 (Wed)
124,Bredasdorp,ZA,-34.53,20.04,51.8,56,87,4.7,02:29:16 Jul/31/2019 (Wed)
125,Castro,CL,-42.48,-73.76,44.6,0,81,9.17,02:29:24 Jul/31/2019 (Wed)
126,Nkhotakota,MW,-12.93,34.3,67.52,7,50,4.32,02:33:01 Jul/31/2019 (Wed)
127,Verkhoyansk,RU,67.55,133.39,55.1,100,49,11.74,02:33:01 Jul/31/2019 (Wed)
128,Sao Geraldo do Araguaia,BR,-6.4,-48.55,71.48,93,46,3.31,02:33:02 Jul/31/2019 (Wed)
129,Warrnambool,AU,-38.38,142.48,51.01,99,81,3,02:31:01 Jul/31/2019 (Wed)
130,Hermanus,ZA,-34.42,19.24,52,69,95,1.01,02:29:15 Jul/31/2019 (Wed)
131,Petropavlovsk-Kamchatskiy,RU,53.05,158.65,60.8,75,87,6.71,02:33:02 Jul/31/2019 (Wed)
132,Denpasar,ID,-8.65,115.22,82.4,20,69,14.99,02:33:02 Jul/31/2019 (Wed)
133,El Monte,US,34.08,-118.04,72,1,77,3.36,02:33:03 Jul/31/2019 (Wed)
134,Tasiilaq,GL,65.61,-37.64,44.6,100,93,4.7,02:29:19 Jul/31/2019 (Wed)
135,Trelew,AR,-43.25,-65.31,47.18,64,64,19.64,02:33:03 Jul/31/2019 (Wed)
136,Batagay-Alyta,RU,67.8,130.41,43.58,96,64,8.28,02:33:03 Jul/31/2019 (Wed)
137,Tautira,PF,-17.73,-149.15,78.8,40,69,4.7,02:30:33 Jul/31/2019 (Wed)
138,Labuhan,ID,-2.54,115.51,93.44,1,41,2.1,02:29:28 Jul/31/2019 (Wed)
139,Victoria,BN,5.28,115.24,93.2,75,59,5.82,02:25:06 Jul/31/2019 (Wed)
140,Maraa,BR,-1.83,-65.37,74.72,90,88,2.19,02:33:03 Jul/31/2019 (Wed)
141,Chapais,CA,49.78,-74.86,53.6,1,81,6.93,02:30:23 Jul/31/2019 (Wed)
142,Dunedin,NZ,-45.87,170.5,43,99,81,25.01,02:28:30 Jul/31/2019 (Wed)
143,Port Elizabeth,US,39.31,-74.98,77,1,73,7.31,02:29:19 Jul/31/2019 (Wed)
144,Mitsamiouli,KM,-11.38,43.28,80.6,40,74,2.24,02:33:04 Jul/31/2019 (Wed)
145,Nuuk,GL,64.17,-51.74,41,18,100,6.93,02:29:40 Jul/31/2019 (Wed)
146,Beyneu,KZ,45.32,55.19,94.88,69,20,12.01,02:33:04 Jul/31/2019 (Wed)
147,Ixtapa,MX,20.71,-105.21,81,75,83,2.24,02:33:04 Jul/31/2019 (Wed)
148,Erzin,TR,36.95,36.2,84.2,20,70,12.75,02:29:55 Jul/31/2019 (Wed)
149,Yarada,IN,17.65,83.27,91.4,75,59,11.41,02:33:04 Jul/31/2019 (Wed)
150,Rio Grande,BR,-32.03,-52.1,43,0,99,4.12,02:33:05 Jul/31/2019 (Wed)
151,Livingston,US,40.8,-74.31,82.4,1,69,3,02:33:05 Jul/31/2019 (Wed)
152,Omboue,GA,-1.57,9.26,73.64,53,86,13.53,02:33:05 Jul/31/2019 (Wed)
153,Amapa,HN,15.09,-87.97,77,20,88,1.43,02:33:05 Jul/31/2019 (Wed)
154,Inhambane,MZ,-23.87,35.38,69.8,0,83,6.93,02:30:01 Jul/31/2019 (Wed)
155,East London,ZA,-33.02,27.91,55.4,0,76,11.41,02:24:53 Jul/31/2019 (Wed)
156,Oron,NG,4.81,8.23,73.1,100,96,1.52,02:33:06 Jul/31/2019 (Wed)
157,Madras,US,44.63,-121.13,66.99,1,39,10.11,02:33:06 Jul/31/2019 (Wed)
158,Lebu,ET,8.96,38.73,57.2,75,87,4.7,02:29:15 Jul/31/2019 (Wed)
159,Severo-Kurilsk,RU,50.68,156.12,47.9,100,95,2.53,02:29:49 Jul/31/2019 (Wed)
160,Ponta do Sol,BR,-20.63,-46,60.14,45,67,0.43,02:29:23 Jul/31/2019 (Wed)
161,Flinders,AU,-34.58,150.85,61,20,54,9.17,02:30:14 Jul/31/2019 (Wed)
162,Thompson,CA,55.74,-97.86,62.6,75,72,3.36,02:27:13 Jul/31/2019 (Wed)
163,Mbandaka,CD,0.05,18.26,75.62,60,69,4.47,02:33:06 Jul/31/2019 (Wed)
164,Bembereke,BJ,10.23,2.66,71.12,95,96,7,02:33:06 Jul/31/2019 (Wed)
165,Alta Floresta,BR,-9.87,-56.08,69.14,2,52,2.62,02:30:23 Jul/31/2019 (Wed)
166,Zeya,RU,53.74,127.27,66.62,100,83,7.78,02:30:37 Jul/31/2019 (Wed)
167,Baihar,IN,22.11,80.55,70.94,100,98,8.32,02:33:06 Jul/31/2019 (Wed)
168,Saint-Francois,FR,46.42,3.91,60.8,0,72,2.24,02:33:07 Jul/31/2019 (Wed)
169,Kondinskoye,RU,59.65,67.41,60.86,48,57,10.8,02:33:07 Jul/31/2019 (Wed)
170,Wichita Falls,US,33.91,-98.49,81,1,69,3.36,02:30:01 Jul/31/2019 (Wed)
171,Comodoro Rivadavia,AR,-45.87,-67.48,48.2,0,57,24.16,02:29:39 Jul/31/2019 (Wed)
172,Acajutla,SV,13.59,-89.83,82.28,3,76,5.59,02:33:07 Jul/31/2019 (Wed)
173,Waingapu,ID,-9.65,120.26,82.1,3,49,16.58,02:33:07 Jul/31/2019 (Wed)
174,Nampa,US,43.57,-116.56,79,1,56,4.29,02:32:10 Jul/31/2019 (Wed)
175,Ribeira Grande,PT,38.52,-28.7,73.4,75,88,12.75,02:29:26 Jul/31/2019 (Wed)
176,Hay River,CA,60.82,-115.79,51.8,20,93,2.24,02:33:08 Jul/31/2019 (Wed)
177,Smolenka,PL,54.15,22.76,54.92,38,76,5.68,02:33:08 Jul/31/2019 (Wed)
178,Alofi,NU,-19.06,-169.92,77,0,94,2.24,02:33:08 Jul/31/2019 (Wed)
179,Southbridge,US,42.08,-72.03,75.99,1,88,9.17,02:33:08 Jul/31/2019 (Wed)
180,Laguna,BZ,16.17,-88.94,75.2,0,100,1.12,02:29:48 Jul/31/2019 (Wed)
181,Adrar,DZ,27.87,-0.29,98.6,90,22,25.28,02:30:12 Jul/31/2019 (Wed)
182,Willowmore,ZA,-33.3,23.49,41.96,0,86,2.77,02:33:08 Jul/31/2019 (Wed)
183,Tatarani,RO,45,25.27,76.52,0,58,3.29,02:33:08 Jul/31/2019 (Wed)
184,Vanavara,RU,60.35,102.28,83.72,94,27,5.79,02:33:09 Jul/31/2019 (Wed)
185,Torbay,CA,47.66,-52.73,55,90,87,5.82,02:29:22 Jul/31/2019 (Wed)
186,New Norfolk,AU,-42.78,147.06,54,20,54,5.82,02:29:13 Jul/31/2019 (Wed)
187,Camacha,PT,33.08,-16.33,69.8,40,68,13.87,02:29:29 Jul/31/2019 (Wed)
188,Mazagao,BR,-0.12,-51.29,77,20,94,2.62,02:33:09 Jul/31/2019 (Wed)
189,Jijiga,ET,9.35,42.8,61.22,100,86,13.18,02:33:09 Jul/31/2019 (Wed)
190,Gazli,UZ,40.13,63.45,97.94,0,15,12.37,02:33:09 Jul/31/2019 (Wed)
191,Neuquen,AR,-38.95,-68.06,53.6,0,58,14.99,02:28:14 Jul/31/2019 (Wed)
192,Srednekolymsk,RU,67.46,153.71,52.04,95,63,8.61,02:29:12 Jul/31/2019 (Wed)
193,Vershino-Darasunskiy,RU,52.35,115.52,81.2,46,33,4.41,02:33:09 Jul/31/2019 (Wed)
194,Acapulco,MX,16.86,-99.88,84.2,40,79,5.82,02:29:02 Jul/31/2019 (Wed)
195,Huarmey,PE,-10.07,-78.15,60.32,36,87,11.99,02:33:10 Jul/31/2019 (Wed)
196,Port Keats,AU,-14.25,129.55,85.34,5,37,6.55,02:33:10 Jul/31/2019 (Wed)
197,Norman Wells,CA,65.28,-126.83,55.4,75,87,3.36,02:29:45 Jul/31/2019 (Wed)
198,Catalina,PE,-13.57,-76.13,60.8,90,77,6.35,02:33:10 Jul/31/2019 (Wed)
199,Cartagena del Chaira,CO,1.33,-74.84,68.24,1,96,1.07,02:33:10 Jul/31/2019 (Wed)
200,Byron Bay,AU,-28.65,153.62,66,90,100,9.17,02:33:10 Jul/31/2019 (Wed)
201,Ahipara,NZ,-35.17,173.16,46.99,59,100,26.75,02:33:11 Jul/31/2019 (Wed)
202,Lompoc,US,34.64,-120.46,62.01,90,93,8.05,02:29:33 Jul/31/2019 (Wed)
203,Samarai,PG,-10.62,150.67,72.38,100,90,9.22,02:30:27 Jul/31/2019 (Wed)
204,Ostrovnoy,RU,68.05,39.51,42.5,100,96,24.49,02:29:50 Jul/31/2019 (Wed)
205,Honningsvag,NO,70.98,25.97,47.9,99,88,15.35,02:33:11 Jul/31/2019 (Wed)
206,Buala,SB,-8.15,159.59,81.74,73,79,11.23,02:33:11 Jul/31/2019 (Wed)
207,Sungaipenuh,ID,-2.08,101.38,86.96,51,59,5.73,02:30:12 Jul/31/2019 (Wed)
208,Stepantsevo,RU,56.13,41.7,45.92,100,95,9.28,02:33:12 Jul/31/2019 (Wed)
209,Avarua,CK,-21.21,-159.78,75.2,10,83,12.75,02:29:20 Jul/31/2019 (Wed)
210,Ghanzi,BW,-21.7,21.65,53.66,0,20,0.92,02:33:12 Jul/31/2019 (Wed)
211,Yumen,CN,40.29,97.04,90.92,7,8,16.96,02:33:12 Jul/31/2019 (Wed)
212,Manokwari,ID,-0.87,134.08,79.94,76,77,5.01,02:30:24 Jul/31/2019 (Wed)
213,Bambous Virieux,MU,-20.34,57.76,73.99,75,94,11.41,02:29:45 Jul/31/2019 (Wed)
214,Banda Aceh,ID,5.56,95.32,83.18,100,75,18.25,02:24:41 Jul/31/2019 (Wed)
215,Alice Springs,AU,-23.7,133.88,71.6,90,26,16.11,02:33:12 Jul/31/2019 (Wed)
216,Port-Gentil,GA,-0.72,8.78,73.4,40,94,3.36,02:30:22 Jul/31/2019 (Wed)
217,Camapua,BR,-19.53,-54.04,65,0,52,8.37,02:30:34 Jul/31/2019 (Wed)
218,Rajur,IN,15.74,75.93,78.68,100,70,19.46,02:33:13 Jul/31/2019 (Wed)
219,Jalesar,IN,27.47,78.3,86,75,100,5.82,02:33:13 Jul/31/2019 (Wed)
220,Nikolskoye,RU,59.7,30.79,51.01,75,87,15.66,02:29:28 Jul/31/2019 (Wed)
221,Hirado,JP,33.32,129.49,93.2,1,94,9.17,02:33:13 Jul/31/2019 (Wed)
222,Petropavlovka,RU,50.61,105.32,75.62,36,34,4.83,02:33:13 Jul/31/2019 (Wed)
223,Manacapuru,BR,-3.3,-60.62,75.2,0,88,2.01,02:33:13 Jul/31/2019 (Wed)
224,Las Vegas,US,36.17,-115.15,98.6,75,23,9.17,02:30:08 Jul/31/2019 (Wed)
225,Macamic,CA,48.75,-79,50,5,93,2.62,02:33:14 Jul/31/2019 (Wed)
226,Hovd,NO,63.83,10.7,63,0,54,21.92,02:29:25 Jul/31/2019 (Wed)
227,Czestochowa,PL,50.8,19.12,72,90,100,4.7,02:30:28 Jul/31/2019 (Wed)
228,Santa catarina de Tepehuanes,MX,25.34,-105.72,58.34,97,80,4.12,02:33:14 Jul/31/2019 (Wed)
229,North Bend,US,43.41,-124.22,63,1,87,6.08,02:33:14 Jul/31/2019 (Wed)
230,Svetlogorsk,RU,53.14,59.15,69.8,76,35,8.95,02:33:14 Jul/31/2019 (Wed)
231,Yerbogachen,RU,61.28,108.01,66.98,74,64,4.5,02:33:14 Jul/31/2019 (Wed)
232,Angoche,MZ,-16.23,39.91,68.24,68,79,1.36,02:33:15 Jul/31/2019 (Wed)
233,Brazzaville,CD,-4.27,15.27,69.8,20,83,2.24,02:33:15 Jul/31/2019 (Wed)
234,Vestmanna,FO,62.16,-7.17,55.4,85,93,6.93,02:33:15 Jul/31/2019 (Wed)
235,Kasama,ZM,-10.21,31.19,61.94,25,59,4.9,02:33:15 Jul/31/2019 (Wed)
236,Inirida,CO,3.87,-67.92,72.38,100,97,0.31,02:33:15 Jul/31/2019 (Wed)
237,San Vicente,EC,-0.59,-80.41,71.6,90,88,13.87,02:33:15 Jul/31/2019 (Wed)
238,Hithadhoo,MV,-0.6,73.08,84.26,63,65,9.4,02:29:21 Jul/31/2019 (Wed)
239,Durban,CA,51.93,-101.44,66.26,81,56,10.45,02:33:16 Jul/31/2019 (Wed)
240,Moose Factory,CA,51.26,-80.61,53.6,90,87,8.05,02:29:59 Jul/31/2019 (Wed)
241,Kulykivka,UA,51.37,31.65,61.58,32,68,13,02:33:16 Jul/31/2019 (Wed)
242,Maldonado,UY,-34.91,-54.96,50,0,93,5.82,02:26:27 Jul/31/2019 (Wed)
243,Cooma,AU,-36.24,149.13,50,0,37,3.36,02:33:16 Jul/31/2019 (Wed)
244,Ramos Arizpe,MX,25.54,-100.95,80.01,5,43,2.89,02:33:17 Jul/31/2019 (Wed)
245,Sangar,RU,63.92,127.47,69.68,0,30,1.32,02:33:17 Jul/31/2019 (Wed)
246,Mwinilunga,ZM,-11.73,24.43,56.54,5,26,4.9,02:33:17 Jul/31/2019 (Wed)
247,College,US,64.86,-147.8,66.2,75,59,3.36,02:30:21 Jul/31/2019 (Wed)
248,Santa Cruz,BR,-6.22,-36.02,67.52,33,90,9.89,02:33:17 Jul/31/2019 (Wed)
249,Saint-Pierre,FR,48.95,4.24,61,75,87,11.41,02:29:43 Jul/31/2019 (Wed)
250,Klaksvik,FO,62.23,-6.59,55.4,68,93,6.93,02:29:11 Jul/31/2019 (Wed)
251,Sayyan,YE,15.17,44.32,78.32,73,43,5.86,02:29:41 Jul/31/2019 (Wed)
252,Lancaster,US,40.04,-76.31,72,1,94,3.36,02:30:27 Jul/31/2019 (Wed)
253,Lincoln,US,40.8,-96.67,70,40,88,6.93,02:30:01 Jul/31/2019 (Wed)
254,Black Forest,AU,-34.96,138.58,55,75,58,9.17,02:33:18 Jul/31/2019 (Wed)
255,San Rafael,AR,-34.61,-68.33,51.68,43,39,2.93,02:33:18 Jul/31/2019 (Wed)
256,Ust-Maya,RU,60.42,134.54,72.02,0,30,5.59,02:33:18 Jul/31/2019 (Wed)
257,Fortuna,US,40.6,-124.16,57,1,87,8.05,02:29:29 Jul/31/2019 (Wed)
258,Luderitz,NA,-26.65,15.16,51.8,0,81,11.41,02:29:20 Jul/31/2019 (Wed)
259,Axim,GH,4.87,-2.24,74.36,72,90,7.27,02:33:18 Jul/31/2019 (Wed)
260,Thinadhoo,MV,0.53,72.93,83.72,81,65,8.3,02:33:18 Jul/31/2019 (Wed)
261,Henties Bay,NA,-22.12,14.28,50,0,95,3,02:33:18 Jul/31/2019 (Wed)
262,Yar-Sale,RU,66.83,70.83,68.96,26,56,18.3,02:29:15 Jul/31/2019 (Wed)
263,Kamenka,MD,48.03,28.7,75,0,71,4,02:33:19 Jul/31/2019 (Wed)
264,Cabo San Lucas,MX,22.89,-109.91,87.8,5,40,5.82,02:29:44 Jul/31/2019 (Wed)
265,Mazyr,BY,52.05,29.27,57.8,35,81,9.55,02:33:19 Jul/31/2019 (Wed)
266,Hualmay,PE,-11.1,-77.61,59.42,49,86,10.56,02:33:19 Jul/31/2019 (Wed)
267,Kurayoshi,JP,35.43,133.83,93.2,20,74,8.05,02:33:19 Jul/31/2019 (Wed)
268,Yayva,RU,59.33,57.26,54,74,72,1.01,02:33:19 Jul/31/2019 (Wed)
269,Aripuana,BR,-9.17,-60.63,72.56,14,68,1.99,02:33:19 Jul/31/2019 (Wed)
270,Ubon Ratchathani,TH,15.23,104.86,80.6,90,94,8.05,02:33:20 Jul/31/2019 (Wed)
271,Monywa,MM,22.12,95.13,77.24,100,88,5.19,02:33:20 Jul/31/2019 (Wed)
272,Lethem,GY,3.38,-59.8,75.98,63,85,2.06,02:33:20 Jul/31/2019 (Wed)
273,Nalut,LY,31.86,10.98,74.54,0,64,10.69,02:33:20 Jul/31/2019 (Wed)
274,Sitka,US,37.17,-99.65,80.84,40,39,14.85,02:29:34 Jul/31/2019 (Wed)
275,Naze,NG,5.43,7.07,72.92,100,96,4.05,02:29:21 Jul/31/2019 (Wed)
276,Abu Samrah,SY,35.3,37.18,86.42,0,27,8.52,02:29:14 Jul/31/2019 (Wed)
277,Saint George,GR,39.45,22.34,84.2,20,57,3.33,02:29:19 Jul/31/2019 (Wed)
278,Soure,PT,40.06,-8.63,60.01,0,93,3.36,02:33:20 Jul/31/2019 (Wed)
279,Price,US,39.6,-110.81,75.2,1,27,5.82,02:30:58 Jul/31/2019 (Wed)
280,Shache,CN,38.42,77.24,97.04,1,15,10.89,02:33:21 Jul/31/2019 (Wed)
281,San Quintin,PH,17.54,120.52,86.06,84,67,6.06,02:29:49 Jul/31/2019 (Wed)
282,Semirom,IR,31.41,51.57,79.58,0,15,3.02,02:33:21 Jul/31/2019 (Wed)
283,Lata,IN,30.78,78.62,48.62,100,98,4.27,02:29:49 Jul/31/2019 (Wed)
284,Jojoima,SL,7.88,-10.79,71.48,100,99,1.54,02:33:21 Jul/31/2019 (Wed)
285,Bismarck,US,46.81,-100.78,66.2,40,93,11.41,02:32:08 Jul/31/2019 (Wed)
286,Aborlan,PH,9.44,118.55,87.8,75,70,13.87,02:33:21 Jul/31/2019 (Wed)
287,Saint-Augustin,CA,45.63,-73.98,75.2,75,100,3.36,02:30:31 Jul/31/2019 (Wed)
288,Macomb,US,40.46,-90.67,63,1,87,3.36,02:32:51 Jul/31/2019 (Wed)
289,Red Bluff,US,40.18,-122.24,78.8,1,57,3.36,02:33:22 Jul/31/2019 (Wed)
290,Goundam,ML,16.42,-3.66,85.52,84,56,18.34,02:33:22 Jul/31/2019 (Wed)
291,Provideniya,RU,64.42,-173.23,51.8,90,93,11.18,02:29:31 Jul/31/2019 (Wed)
292,Simav,TR,39.09,28.98,77,0,50,8.05,02:31:46 Jul/31/2019 (Wed)
293,Cidreira,BR,-30.17,-50.22,52.76,0,93,3.74,02:29:23 Jul/31/2019 (Wed)
294,Bunia,CD,1.56,30.25,66.8,99,92,2.48,02:33:22 Jul/31/2019 (Wed)
295,Vaitape,PF,-16.52,-151.75,78.5,0,79,22.77,02:33:22 Jul/31/2019 (Wed)
296,Noumea,NC,-22.28,166.46,68,90,68,5.82,02:27:42 Jul/31/2019 (Wed)
297,Sao Benedito do Rio Preto,BR,-3.33,-43.53,71.12,85,99,2.93,02:33:22 Jul/31/2019 (Wed)
298,Hervey Bay,AU,-25.3,152.85,69.01,75,68,12.75,02:33:23 Jul/31/2019 (Wed)
299,Znamenskoye,RU,57.13,73.82,68.06,30,51,5.06,02:33:23 Jul/31/2019 (Wed)
300,Kenai,US,60.55,-151.26,62.6,1,87,12.75,02:30:00 Jul/31/2019 (Wed)
301,Najran,SA,17.54,44.22,89.6,0,24,9.17,02:33:23 Jul/31/2019 (Wed)
302,Grand-Santi,GF,4.27,-54.38,71.66,88,96,1.63,02:33:23 Jul/31/2019 (Wed)
303,Vardo,US,39.62,-77.74,72,1,83,3.36,02:30:18 Jul/31/2019 (Wed)
304,Antofagasta,CL,-23.65,-70.4,57.2,90,71,19.46,02:33:01 Jul/31/2019 (Wed)
305,Oussouye,SN,12.49,-16.54,80.6,40,88,4.7,02:29:50 Jul/31/2019 (Wed)
306,Tsumeb,NA,-19.25,17.72,50,0,25,3.36,02:33:23 Jul/31/2019 (Wed)
307,Chokurdakh,RU,70.62,147.9,49.88,90,59,3.8,02:29:35 Jul/31/2019 (Wed)
308,Muros,ES,42.77,-9.06,60.01,20,81,2.24,02:33:24 Jul/31/2019 (Wed)
309,Leshukonskoye,RU,64.9,45.76,50.24,100,97,6.82,02:29:33 Jul/31/2019 (Wed)
310,Winnemucca,US,40.97,-117.74,66.2,1,19,1.3,02:29:31 Jul/31/2019 (Wed)
311,Palmas,BR,-10.18,-48.33,71.6,0,64,4.7,02:33:24 Jul/31/2019 (Wed)
312,Westport,US,41.14,-73.36,79,1,83,3.36,02:29:48 Jul/31/2019 (Wed)
313,Longyearbyen,NO,78.22,15.63,46.4,75,81,5.82,02:29:24 Jul/31/2019 (Wed)
314,Sinnamary,GF,5.38,-52.96,80.48,50,78,8.72,02:33:24 Jul/31/2019 (Wed)
315,Umm Lajj,SA,25.02,37.27,86.78,3,57,9.42,02:33:24 Jul/31/2019 (Wed)
316,Veinticinco de Mayo,AR,-27.38,-54.75,52,80,95,2.8,02:33:24 Jul/31/2019 (Wed)
317,Beloha,MG,-25.17,45.06,75.44,0,43,6.24,02:33:25 Jul/31/2019 (Wed)
318,Nancha,CN,47.14,129.26,83.9,0,37,13.98,02:33:25 Jul/31/2019 (Wed)
319,Dingle,PH,11,122.67,84.26,100,78,12.44,02:29:57 Jul/31/2019 (Wed)
320,Atasu,KZ,48.68,71.64,91.82,0,18,8.5,02:33:25 Jul/31/2019 (Wed)
321,Hun,BE,50.34,4.87,62.6,40,82,11.41,02:33:25 Jul/31/2019 (Wed)
322,San Patricio,PY,-26.98,-56.83,56,1,97,4.32,02:29:33 Jul/31/2019 (Wed)
323,Lensk,RU,60.71,114.91,72.2,79,40,4.05,02:33:25 Jul/31/2019 (Wed)
324,Bilma,NE,18.69,12.92,90.92,3,31,10.89,02:30:27 Jul/31/2019 (Wed)
325,Kasempa,ZM,-13.46,25.83,56,3,33,3.02,02:33:25 Jul/31/2019 (Wed)
326,Ormara,PK,25.21,64.64,89.66,59,54,15.12,02:33:26 Jul/31/2019 (Wed)
327,Matara,BI,-3.48,29.48,59.24,79,47,2.93,02:33:26 Jul/31/2019 (Wed)
328,Imbituba,BR,-28.24,-48.67,62.6,0,82,2.24,02:33:26 Jul/31/2019 (Wed)
329,Yerofey Pavlovich,RU,53.97,121.97,76.88,100,43,8.75,02:33:26 Jul/31/2019 (Wed)
330,Kargasok,RU,59.06,80.87,73.64,4,42,8.16,02:33:26 Jul/31/2019 (Wed)
331,Lusambo,CD,-4.97,23.44,69.32,78,28,1.9,02:33:26 Jul/31/2019 (Wed)
332,Deputatskiy,RU,69.3,139.9,43.94,100,74,5.32,02:33:26 Jul/31/2019 (Wed)
333,Manzhouli,CN,49.6,117.43,76.7,34,44,12.06,02:33:27 Jul/31/2019 (Wed)
334,Revelstoke,CA,50.99,-118.19,64.4,1,77,2.17,02:33:27 Jul/31/2019 (Wed)
335,Margate,AU,-43.03,147.26,54,20,54,5.82,02:33:27 Jul/31/2019 (Wed)
336,Baykit,RU,61.68,96.39,75.98,98,40,5.14,02:33:27 Jul/31/2019 (Wed)
337,Murmashi,RU,68.82,32.82,42.8,90,87,8.95,02:33:27 Jul/31/2019 (Wed)
338,Ler,NO,63.2,10.3,63,0,54,21.92,02:33:27 Jul/31/2019 (Wed)
339,Zelenoborsk,RU,61.47,64.05,61.4,40,48,9.15,02:33:28 Jul/31/2019 (Wed)
340,Cayenne,GF,4.94,-52.33,75.2,0,94,1.57,02:30:04 Jul/31/2019 (Wed)
341,Mehamn,NO,71.03,27.85,50,40,87,12.75,02:29:32 Jul/31/2019 (Wed)
342,Port Huron,US,42.98,-82.44,66.2,75,82,12.75,02:33:28 Jul/31/2019 (Wed)
343,Kez,RU,57.9,53.72,48.8,99,93,5.93,02:33:28 Jul/31/2019 (Wed)
344,Kriel,ZA,-26.26,29.26,51.01,0,44,4.74,02:33:28 Jul/31/2019 (Wed)
345,Along,IN,28.17,94.8,66.8,93,96,6.11,02:33:28 Jul/31/2019 (Wed)
346,Alyangula,AU,-13.85,136.42,82.4,27,48,9.17,02:33:28 Jul/31/2019 (Wed)
347,Oranjemund,ZA,-28.55,16.43,55.46,0,80,11.77,02:33:29 Jul/31/2019 (Wed)
348,Ilulissat,GL,69.22,-51.1,60.8,53,36,25.28,02:29:56 Jul/31/2019 (Wed)
349,Mount Isa,AU,-20.73,139.49,80.6,100,19,10.29,02:29:37 Jul/31/2019 (Wed)
350,Kurchum,KZ,48.57,83.65,74,0,51,12.06,02:33:29 Jul/31/2019 (Wed)
351,Pangnirtung,CA,66.15,-65.72,45.2,12,65,0.89,02:29:59 Jul/31/2019 (Wed)
352,Yulara,AU,-25.24,130.99,73.4,0,27,16.11,02:29:27 Jul/31/2019 (Wed)
353,Abu Kamal,SY,34.45,40.92,92.18,0,22,11.3,02:33:29 Jul/31/2019 (Wed)
354,Trairi,BR,-3.28,-39.27,70.58,66,92,6.26,02:29:40 Jul/31/2019 (Wed)
355,Ambovombe,MG,-25.18,46.09,71.48,0,76,8.52,02:33:30 Jul/31/2019 (Wed)
356,Zyryanka,RU,65.73,150.89,54.38,85,51,6.82,02:33:30 Jul/31/2019 (Wed)
357,Carmo,BR,-21.93,-42.61,59.24,33,93,1.74,02:33:30 Jul/31/2019 (Wed)
358,Poum,MK,41.28,20.71,69.8,0,73,3.36,02:29:17 Jul/31/2019 (Wed)
359,Namibe,AO,-15.19,12.15,64.64,0,78,6.71,02:33:30 Jul/31/2019 (Wed)
360,Lagoa Vermelha,BR,-28.21,-51.53,51.5,62,99,0.27,02:33:30 Jul/31/2019 (Wed)
361,Mahajanga,MG,-15.72,46.32,86,20,48,13.87,02:31:04 Jul/31/2019 (Wed)
362,Tessalit,ML,20.2,1.01,86.42,77,44,4.99,02:29:44 Jul/31/2019 (Wed)
363,Athol,US,42.6,-72.23,75.99,1,88,3.78,02:33:30 Jul/31/2019 (Wed)
364,Malanje,AO,-9.54,16.35,56.18,0,78,3.22,02:33:31 Jul/31/2019 (Wed)
365,Lima,PE,-12.06,-77.04,59,90,82,6.93,02:29:42 Jul/31/2019 (Wed)
366,Tiksi,RU,71.64,128.87,39.62,99,89,5.82,02:29:47 Jul/31/2019 (Wed)
367,Haines Junction,CA,60.75,-137.51,49.88,100,82,3.44,02:30:06 Jul/31/2019 (Wed)
368,Tubmanburg,LR,6.87,-10.82,72.2,100,98,2.42,02:33:31 Jul/31/2019 (Wed)
369,Nabire,ID,-3.36,135.5,76.34,100,75,7.49,02:29:20 Jul/31/2019 (Wed)
370,Egvekinot,RU,66.32,-179.17,48.44,62,53,18.37,02:33:31 Jul/31/2019 (Wed)
371,Hasaki,JP,35.73,140.83,97,75,66,4.7,02:29:11 Jul/31/2019 (Wed)
372,Erdenet,MN,49.03,104.04,70.94,92,54,4.79,02:29:47 Jul/31/2019 (Wed)
373,Eureka,US,40.8,-124.16,57,1,93,10.02,02:30:38 Jul/31/2019 (Wed)
374,Rocha,UY,-34.48,-54.34,47.72,18,83,6.33,02:33:31 Jul/31/2019 (Wed)
375,Havoysund,NO,71,24.66,46.4,75,87,16.11,02:33:32 Jul/31/2019 (Wed)
376,Makaha,US,21.47,-158.22,82.4,40,73,6.93,02:33:32 Jul/31/2019 (Wed)
377,Altay,CN,47.83,88.13,71.48,0,41,7.07,02:33:32 Jul/31/2019 (Wed)
378,Kavieng,PG,-2.57,150.8,82.64,100,72,5.73,02:29:48 Jul/31/2019 (Wed)
379,Salalah,OM,17.01,54.1,77,90,100,10.29,02:29:32 Jul/31/2019 (Wed)
380,Yako,BF,12.96,-2.26,78.14,40,77,8.68,02:33:32 Jul/31/2019 (Wed)
381,Panaba,MX,21.28,-88.27,79.76,15,85,7.05,02:33:32 Jul/31/2019 (Wed)
382,Fianarantsoa,MG,-21.45,47.09,61.22,91,84,7,02:33:33 Jul/31/2019 (Wed)
383,Manadhoo,MV,5.77,73.38,82.82,39,67,5.21,02:33:33 Jul/31/2019 (Wed)
384,Ancud,CL,-41.87,-73.83,44.6,0,81,9.17,02:29:36 Jul/31/2019 (Wed)
385,Peace River,CA,56.23,-117.29,57,40,93,4.7,02:33:33 Jul/31/2019 (Wed)
386,Qaqortoq,GL,60.72,-46.03,51.8,16,71,3.36,02:33:33 Jul/31/2019 (Wed)
387,Sompeta,IN,18.93,84.6,89.66,65,54,7.47,02:33:33 Jul/31/2019 (Wed)
388,Bonfim,GY,3.36,-59.84,75.98,63,85,2.06,02:33:33 Jul/31/2019 (Wed)
389,Coshocton,US,40.27,-81.86,68,40,93,1.74,02:33:34 Jul/31/2019 (Wed)
390,Shelburne,CA,44.08,-80.2,68,40,68,4.7,02:33:34 Jul/31/2019 (Wed)
391,Katsuura,JP,33.93,134.5,91.4,20,74,5.82,02:29:41 Jul/31/2019 (Wed)
392,Kloulklubed,PW,7.04,134.26,84.2,90,74,18.34,02:30:39 Jul/31/2019 (Wed)
393,Xinzhi,TW,22.54,120.62,93.2,75,59,8.05,02:33:34 Jul/31/2019 (Wed)
394,Dombarovskiy,RU,50.76,59.54,77.42,80,37,11.12,02:33:34 Jul/31/2019 (Wed)
395,Cururupu,BR,-1.82,-44.87,72.2,72,99,2.3,02:33:34 Jul/31/2019 (Wed)
396,Saldanha,PT,41.42,-6.55,56.72,97,70,5.35,02:29:50 Jul/31/2019 (Wed)
397,Inhapim,BR,-19.55,-42.12,57.8,0,95,0.58,02:33:34 Jul/31/2019 (Wed)
398,Leh,IN,34.16,77.58,56.9,17,39,5.41,02:30:38 Jul/31/2019 (Wed)
399,Mount Gambier,AU,-37.83,140.78,48.2,100,93,5.82,02:30:17 Jul/31/2019 (Wed)
400,Alanya,TR,36.55,32,84.2,0,66,2.24,02:33:35 Jul/31/2019 (Wed)
401,Williamsburg,US,37.27,-76.71,79,1,74,5.77,02:30:47 Jul/31/2019 (Wed)
402,Porto Novo,BR,-23.68,-45.44,71.84,19,75,4.52,02:30:00 Jul/31/2019 (Wed)
403,Faya,SA,18.39,42.45,80.6,5,29,10.29,02:33:35 Jul/31/2019 (Wed)
404,Kudahuvadhoo,MV,2.67,72.89,82.64,57,63,4.38,02:33:35 Jul/31/2019 (Wed)
405,Bonnyville,CA,54.27,-110.74,57.2,20,93,5.82,02:33:35 Jul/31/2019 (Wed)
406,Zarubino,RU,42.65,131.06,88.76,74,46,6.91,02:33:35 Jul/31/2019 (Wed)
407,Hokitika,NZ,-42.72,170.96,46.64,0,56,6.87,02:33:36 Jul/31/2019 (Wed)
408,Kurtalan,TR,37.93,41.7,87.8,0,23,2.24,02:33:36 Jul/31/2019 (Wed)
409,Bima,ID,-8.45,118.73,87.68,5,34,8.41,02:33:36 Jul/31/2019 (Wed)
410,Mogzon,RU,51.74,111.97,70.22,100,73,7.87,02:33:36 Jul/31/2019 (Wed)
411,Kiunga,PG,-6.12,141.3,77.78,87,94,2.08,02:29:36 Jul/31/2019 (Wed)
412,Vila Franca do Campo,PT,37.72,-25.43,71.6,75,94,12.75,02:33:36 Jul/31/2019 (Wed)
413,Varnamo,SE,57.19,14.04,55.99,0,87,8.05,02:33:36 Jul/31/2019 (Wed)
414,Qarayeri,AZ,40.79,46.31,84.2,20,62,11.41,02:33:36 Jul/31/2019 (Wed)
415,Nyurba,RU,63.29,118.35,69.86,100,38,4.32,02:29:55 Jul/31/2019 (Wed)
416,Coffeyville,US,37.04,-95.62,75,1,78,5.82,02:33:37 Jul/31/2019 (Wed)
417,Chinhoyi,ZW,-17.36,30.19,59.42,22,46,6.78,02:33:37 Jul/31/2019 (Wed)
418,Cuiaba,BR,-15.6,-56.1,71.6,0,60,4.7,02:28:50 Jul/31/2019 (Wed)
419,Carutapera,BR,-1.2,-46.02,75.98,73,94,4.83,02:33:37 Jul/31/2019 (Wed)
420,Nelson Bay,AU,-32.72,152.14,60.8,40,72,13.87,02:33:37 Jul/31/2019 (Wed)
421,Taylorville,US,39.55,-89.29,69.01,1,93,3.36,02:30:11 Jul/31/2019 (Wed)
422,Florianopolis,BR,-27.6,-48.55,62.6,0,82,2.24,02:33:37 Jul/31/2019 (Wed)
423,Tingi,TZ,-11.3,35.03,66.8,50,60,6.02,02:33:37 Jul/31/2019 (Wed)
424,Koumac,NC,-20.56,164.28,69.5,0,73,23.78,02:33:38 Jul/31/2019 (Wed)
425,Sidi Ali,DZ,36.1,0.42,75.62,88,87,17.52,02:33:38 Jul/31/2019 (Wed)
426,Merauke,ID,-8.49,140.4,76.88,39,82,23.73,02:33:38 Jul/31/2019 (Wed)
427,Novo Aripuana,BR,-5.12,-60.38,73.82,34,72,1.79,02:33:38 Jul/31/2019 (Wed)
428,Ust-Tsilma,RU,65.44,52.15,52.58,100,98,6.35,02:33:38 Jul/31/2019 (Wed)
429,Bargi,IN,22.99,79.88,78.8,90,88,13.87,02:33:38 Jul/31/2019 (Wed)
430,Arlington,US,32.74,-97.11,84.99,1,65,4.7,02:31:09 Jul/31/2019 (Wed)
431,Mount Pleasant,US,33.16,-94.97,77,1,88,3.36,02:33:17 Jul/31/2019 (Wed)
432,Pisco,PE,-13.71,-76.2,60.8,90,77,16.44,02:30:34 Jul/31/2019 (Wed)
433,Prestea,GH,5.43,-2.14,71.84,100,94,3.8,02:33:39 Jul/31/2019 (Wed)
434,Bereda,ES,43.27,-7.54,55.99,0,100,3.36,02:33:39 Jul/31/2019 (Wed)
435,Paamiut,GL,61.99,-49.67,38.54,69,93,18.32,02:33:39 Jul/31/2019 (Wed)
436,Marrakesh,MA,31.63,-7.99,64.4,0,63,6.93,02:29:44 Jul/31/2019 (Wed)
437,Bubaque,GW,11.28,-15.83,79.04,62,85,15.21,02:29:31 Jul/31/2019 (Wed)
438,Guanare,VE,9.04,-69.74,71.66,99,96,1.77,02:33:39 Jul/31/2019 (Wed)
439,Montepuez,MZ,-13.13,39,74.72,60,52,3.47,02:33:40 Jul/31/2019 (Wed)
440,Taoudenni,ML,22.68,-3.98,89.3,0,15,5.7,02:29:12 Jul/31/2019 (Wed)
441,Vao,EE,59.1,26.19,51.86,100,86,12.08,02:33:40 Jul/31/2019 (Wed)
442,Bilibino,RU,68.06,166.44,40.7,99,84,3.29,02:33:40 Jul/31/2019 (Wed)
443,Mosquera,CO,4.71,-74.23,53.6,20,76,4.7,02:33:40 Jul/31/2019 (Wed)
444,Nam Som,TH,17.77,102.19,89.6,75,74,4.7,02:33:40 Jul/31/2019 (Wed)
445,Galveston,US,40.58,-86.19,68,1,82,4.7,02:29:58 Jul/31/2019 (Wed)
446,Ende,ID,-8.84,121.65,76.7,1,75,7.27,02:30:22 Jul/31/2019 (Wed)
447,Lorengau,PG,-2.02,147.27,83,31,77,10.98,02:29:24 Jul/31/2019 (Wed)
448,Sherbrooke,CA,45.4,-71.89,66.99,1,100,3.36,02:28:51 Jul/31/2019 (Wed)
449,Mattru,SL,7.62,-11.83,73.1,100,98,2.8,02:33:40 Jul/31/2019 (Wed)
450,Khorramshahr,IR,30.43,48.18,105.8,0,23,13.87,02:33:41 Jul/31/2019 (Wed)
451,Koslan,RU,63.46,48.9,56,84,64,3.33,02:33:41 Jul/31/2019 (Wed)
452,Clyde River,CA,70.47,-68.59,46.4,90,93,3.36,02:29:43 Jul/31/2019 (Wed)
453,Port Augusta,AU,-32.49,137.76,57.2,75,54,9.17,02:33:41 Jul/31/2019 (Wed)
454,Troitsko-Pechorsk,RU,62.71,56.19,60.32,0,49,3.85,02:33:41 Jul/31/2019 (Wed)
455,Kilindoni,TZ,-7.91,39.67,77.06,100,79,14.38,02:30:11 Jul/31/2019 (Wed)
456,Liverpool,GB,53.41,-2.98,62.6,75,93,19.46,02:29:59 Jul/31/2019 (Wed)
457,Bowen,AU,-20.01,148.25,73.99,0,60,13.87,02:33:41 Jul/31/2019 (Wed)
458,Ilhabela,BR,-23.78,-45.36,71.84,19,75,4.52,02:30:22 Jul/31/2019 (Wed)
459,Matagami,NG,9.67,8.4,68.96,73,97,1.92,02:33:42 Jul/31/2019 (Wed)
460,Keita,NG,7.1,3.65,75.2,40,94,5.82,02:33:42 Jul/31/2019 (Wed)
461,Kindu,CD,-2.95,25.92,75.98,30,53,2.46,02:33:42 Jul/31/2019 (Wed)
462,Mbini,GQ,1.58,9.62,75.2,40,94,4.7,02:33:42 Jul/31/2019 (Wed)
463,Guarapari,BR,-20.67,-40.5,68,0,88,4.7,02:33:42 Jul/31/2019 (Wed)
464,Caravelas,BR,-17.73,-39.27,67.34,5,89,4.27,02:29:08 Jul/31/2019 (Wed)
465,Honiara,SB,-9.43,159.96,86,75,70,11.41,02:29:36 Jul/31/2019 (Wed)
466,Komsomolskiy,RU,67.55,63.78,65.54,68,73,17.69,02:30:20 Jul/31/2019 (Wed)
467,Saint-Joseph,FR,43.56,6.97,75,75,83,3.36,02:29:51 Jul/31/2019 (Wed)
468,Aksu,KZ,52.04,76.93,89.6,0,29,11.18,02:33:43 Jul/31/2019 (Wed)
469,Mantua,IT,45.16,10.79,80.01,40,78,3.36,02:33:43 Jul/31/2019 (Wed)
470,Tura,RU,64.27,100.22,66.26,3,44,6.62,02:33:43 Jul/31/2019 (Wed)
471,Tagusao,PH,9.19,117.81,84.44,56,72,17.76,02:33:43 Jul/31/2019 (Wed)
472,Waggaman,US,29.92,-90.21,75.2,90,88,4.7,02:33:43 Jul/31/2019 (Wed)
473,Cunha,BR,-23.08,-44.96,53.12,9,91,1.23,02:33:43 Jul/31/2019 (Wed)
474,Ngunguru,NZ,-35.62,174.5,44.01,82,90,5.01,02:33:44 Jul/31/2019 (Wed)
475,Hami,CN,42.84,93.51,94.88,86,8,6.62,02:29:22 Jul/31/2019 (Wed)
476,Kaminskiy,RU,57.16,41.47,46.1,100,96,4.23,02:33:44 Jul/31/2019 (Wed)
477,Kamariotissa,GR,40.48,25.47,82.4,0,69,3.36,02:33:44 Jul/31/2019 (Wed)
478,Houston,US,29.76,-95.37,79,1,100,4.61,02:32:26 Jul/31/2019 (Wed)
479,Cherskiy,RU,68.75,161.3,42.86,100,79,6.78,02:29:40 Jul/31/2019 (Wed)
480,Orange Cove,US,36.62,-119.31,82.4,0,38,9.17,02:33:44 Jul/31/2019 (Wed)
481,Nantucket,US,41.28,-70.1,75.99,1,88,6.93,02:33:06 Jul/31/2019 (Wed)
482,Ishigaki,JP,24.34,124.16,87.8,40,79,10.29,02:33:45 Jul/31/2019 (Wed)
483,Quimper,FR,48,-4.1,62.01,75,100,7.54,02:33:45 Jul/31/2019 (Wed)
484,Sao Joao da Barra,BR,-21.64,-41.05,62.66,0,88,3.89,02:33:45 Jul/31/2019 (Wed)
485,Sola,TZ,-3.17,33.8,69.5,95,58,5.23,02:33:45 Jul/31/2019 (Wed)
486,Emmett,US,43.87,-116.5,79,0,56,4.47,02:33:45 Jul/31/2019 (Wed)
487,Nanortalik,GL,60.14,-45.24,39.26,2,88,1.72,02:30:23 Jul/31/2019 (Wed)
488,Iranshahr,IR,27.21,60.69,98.6,92,37,6.93,02:33:45 Jul/31/2019 (Wed)
489,Sena Madureira,BR,-9.07,-68.66,68.42,11,62,0.43,02:30:29 Jul/31/2019 (Wed)
490,Basay,PH,9.41,122.64,83,60,77,14.56,02:33:46 Jul/31/2019 (Wed)
491,Olhao,PT,37.03,-7.84,71.6,0,40,8.05,02:33:46 Jul/31/2019 (Wed)
492,Dali,CN,34.79,109.94,95.78,7,27,5.57,02:33:46 Jul/31/2019 (Wed)
493,Belyy Yar,RU,53.6,91.39,77,0,69,8.95,02:33:46 Jul/31/2019 (Wed)
494,Manyana,AU,-35.26,150.51,60.01,20,54,9.17,02:33:46 Jul/31/2019 (Wed)
495,Bealanana,MG,-14.54,48.75,70.04,59,72,8.08,02:33:47 Jul/31/2019 (Wed)
496,Pochutla,MX,15.74,-96.47,78.01,62,82,7.74,02:33:47 Jul/31/2019 (Wed)
497,Te Anau,NZ,-45.41,167.72,38,86,82,5.59,02:33:47 Jul/31/2019 (Wed)
498,Pokrovsk,RU,61.48,129.14,71.84,25,32,3.31,02:33:47 Jul/31/2019 (Wed)
499,Katherine,AU,-14.47,132.26,91.4,0,17,12.75,02:33:47 Jul/31/2019 (Wed)
500,Do Gonbadan,IR,30.36,50.8,100.4,0,7,7.2,02:33:47 Jul/31/2019 (Wed)
501,Ambilobe,MG,-13.19,49.05,81.56,0,63,8.05,02:33:48 Jul/31/2019 (Wed)
502,Nome,US,30.04,-94.42,75.99,1,94,2.39,02:29:32 Jul/31/2019 (Wed)
503,Tutoia,BR,-2.76,-42.27,71.48,97,97,1.95,02:33:48 Jul/31/2019 (Wed)
504,Redcar,GB,54.62,-1.06,62.6,90,93,8.05,02:33:48 Jul/31/2019 (Wed)
505,Innisfail,AU,-17.52,146.03,69.01,41,54,10,02:33:48 Jul/31/2019 (Wed)
506,De-Kastri,RU,51.48,140.77,66.98,97,76,7.09,02:33:48 Jul/31/2019 (Wed)
507,South Lake Tahoe,US,38.93,-119.98,69.8,1,47,5.95,02:30:40 Jul/31/2019 (Wed)
508,Istmina,CO,5.16,-76.69,73.64,100,98,1.3,02:33:49 Jul/31/2019 (Wed)
509,Leningradskiy,RU,69.38,178.42,36.2,86,92,15.61,02:29:37 Jul/31/2019 (Wed)
510,West Bay,CA,49.34,-123.21,68,90,60,3.36,02:33:49 Jul/31/2019 (Wed)
511,Akdepe,TM,42.05,59.39,96.8,0,22,2.24,02:33:49 Jul/31/2019 (Wed)
512,Arman,RU,59.7,150.17,59.6,93,72,5.44,02:29:54 Jul/31/2019 (Wed)
513,Leonidovo,RU,49.28,142.87,60.32,100,90,3.09,02:33:49 Jul/31/2019 (Wed)
514,Canguaretama,BR,-6.38,-35.14,73.4,75,88,5.82,02:33:49 Jul/31/2019 (Wed)
515,Zaragoza,SV,13.59,-89.29,78.8,40,69,5.82,02:33:50 Jul/31/2019 (Wed)
516,Kosonsoy,UZ,41.25,71.55,89.6,47,43,9.17,02:33:50 Jul/31/2019 (Wed)
517,Krasnoarmeysk,RU,56.12,38.15,51.01,90,93,13.42,02:33:50 Jul/31/2019 (Wed)
518,Isla Vista,US,34.41,-119.86,68,1,93,3.36,02:33:50 Jul/31/2019 (Wed)
519,Zhoucheng,CN,31.35,119.33,100.4,0,42,6.71,02:33:50 Jul/31/2019 (Wed)
520,Russell,US,38.9,-98.86,78.8,1,54,17.22,02:33:50 Jul/31/2019 (Wed)
521,Oil City,US,41.43,-79.71,64.99,1,93,2.64,02:33:51 Jul/31/2019 (Wed)
522,Surab,PK,28.49,66.26,81.74,23,50,2.64,02:33:51 Jul/31/2019 (Wed)
523,Santa Rosa,AR,-36.62,-64.29,53.48,100,51,10.2,02:33:51 Jul/31/2019 (Wed)
524,La Ronge,CA,55.1,-105.3,66.2,75,77,4.7,02:30:32 Jul/31/2019 (Wed)
525,Alexandria,RO,43.97,25.33,77.24,0,57,8.16,02:33:51 Jul/31/2019 (Wed)
526,Poso,ID,-1.4,120.75,69.86,58,91,2.89,02:33:51 Jul/31/2019 (Wed)
527,Eenhana,NA,-17.48,16.34,51.8,0,25,5.7,02:33:51 Jul/31/2019 (Wed)
528,Akodia,IN,23.37,76.56,77.42,100,88,12.5,02:33:52 Jul/31/2019 (Wed)
529,Neiafu,TO,-18.65,-173.98,77,40,94,6.29,02:30:29 Jul/31/2019 (Wed)
530,Virginia Beach,US,36.85,-75.98,79,20,83,8.05,02:29:28 Jul/31/2019 (Wed)
531,Monrovia,LR,6.33,-10.8,75.2,75,94,8.7,02:33:52 Jul/31/2019 (Wed)
532,Luau,CD,-10.7,22.23,59.78,0,24,4.16,02:33:52 Jul/31/2019 (Wed)
533,Namie,JP,37.52,140.86,95,75,66,12.75,02:33:52 Jul/31/2019 (Wed)
534,Keene,US,42.93,-72.28,73.4,1,88,2.3,02:29:03 Jul/31/2019 (Wed)
535,Salmas,IR,38.2,44.77,82.4,0,37,4.7,02:33:52 Jul/31/2019 (Wed)
536,Rafaela,AR,-31.25,-61.49,48.99,12,79,3,02:33:53 Jul/31/2019 (Wed)
537,Pangai,TO,-19.8,-174.35,77,40,88,5.82,02:33:53 Jul/31/2019 (Wed)
538,Birnin Kebbi,NG,12.45,4.2,78.86,96,73,10.49,02:33:53 Jul/31/2019 (Wed)
539,Brae,GB,60.4,-1.35,59,20,93,2.24,02:33:53 Jul/31/2019 (Wed)
540,Singkang,MY,2.1,102.8,87.8,75,66,9.17,02:33:53 Jul/31/2019 (Wed)
541,Banjar,ID,-7.37,108.54,82.82,31,51,9.24,02:33:53 Jul/31/2019 (Wed)
542,Praia da Vitoria,PT,38.73,-27.07,73.4,75,88,16.42,02:28:18 Jul/31/2019 (Wed)
543,Kotido,UG,3.01,34.12,67.7,58,86,5.64,02:33:54 Jul/31/2019 (Wed)
544,Lere,TD,9.66,14.23,74.72,99,88,6.78,02:33:54 Jul/31/2019 (Wed)
545,Aksarka,RU,66.56,67.8,59.78,100,88,13.98,02:33:54 Jul/31/2019 (Wed)
546,Shimoda,JP,34.7,138.93,91.99,40,79,18.34,02:33:54 Jul/31/2019 (Wed)
547,Eyl,SO,7.98,49.82,83.72,83,48,25.17,02:33:54 Jul/31/2019 (Wed)
548,Teahupoo,PF,-17.83,-149.27,78.8,40,69,4.7,02:33:54 Jul/31/2019 (Wed)
549,Brunico,IT,46.8,11.94,66.2,40,93,4.56,02:33:54 Jul/31/2019 (Wed)
550,Bonavista,CA,48.65,-53.11,53.01,84,85,1.99,02:29:46 Jul/31/2019 (Wed)
551,Gryfino,PL,53.25,14.49,62.01,75,87,6.93,02:33:55 Jul/31/2019 (Wed)
552,Toora-Khem,RU,52.47,96.11,79.04,100,33,2.39,02:33:55 Jul/31/2019 (Wed)
553,Hunchun,CN,42.86,130.36,91.28,66,44,5.1,02:33:55 Jul/31/2019 (Wed)
554,Tiarei,PF,-17.53,-149.33,78.8,40,69,4.7,02:26:33 Jul/31/2019 (Wed)
555,Nadvoitsy,RU,63.89,34.27,46.28,100,85,16.4,02:33:55 Jul/31/2019 (Wed)
556,Pudozh,RU,61.81,36.54,49.88,100,96,10.04,02:33:55 Jul/31/2019 (Wed)
557,Auxerre,FR,47.8,3.58,62.01,90,77,4.7,02:33:56 Jul/31/2019 (Wed)
558,Nova Borova,UA,50.69,28.64,63.92,32,87,9.1,02:33:56 Jul/31/2019 (Wed)
559,Gombe,NG,10.28,11.16,72.02,0,91,11.97,02:33:56 Jul/31/2019 (Wed)
560,Arroio Grande,BR,-32.24,-53.09,43,17,6,6.04,02:33:56 Jul/31/2019 (Wed)
561,Langsa,ID,4.47,97.97,82.82,68,65,5.08,02:33:07 Jul/31/2019 (Wed)
562,Sechura,PE,-5.56,-80.82,62.84,0,84,10.29,02:29:13 Jul/31/2019 (Wed)
563,Benemerito de las Americas,MX,16.52,-90.64,69.68,63,98,3.2,02:33:56 Jul/31/2019 (Wed)
